Codigo do Termo;Termo
90051505;REOPRO
90403525;REOPRO
90433149;VERZENIOS
90433157;VERZENIOS
90433165;VERZENIOS
90433173;VERZENIOS
90433181;VERZENIOS
90433190;VERZENIOS
90433203;VERZENIOS
90433211;VERZENIOS
90398645;ACETATO DE ABIRATERONA
90398653;ACETATO DE ABIRATERONA
90398661;ACETATO DE ABIRATERONA
90398696;BALEFIO
90228430;ZYTIGA
90120655;ACETATO DE CIPROTERONA
90209559;PROSTMAN
90246713;ANDROCUR
90246721;ANDROCUR
90203119;COPAXONE
90414942;COPAXONE
90035402;MEGESTAT
90120930;FEMIGESTROL
90302699;ACIDO ZOLEDRONICO
90302702;ACIDO ZOLEDRONICO
90302710;ACIDO ZOLEDRONICO
90065832;ÁCIDO ZOLEDRÔNICO
90380614;ACIDO ZOLEDRONICO
90232372;ZOLIBBS
90436067;ZOLIBBS
90295897;ZOMETA
90169255;ACLASTA
90278690;ÁCIDO ZOLEDRÔNICO
90278739;ZOBONE
90298527;ACIDO ZOLEDRONICO
90298535;ACIDO ZOLEDRONICO
90298543;ACIDO ZOLEDRONICO
90298551;ACIDO ZOLEDRONICO
90298560;ACIDO ZOLEDRONICO
90298578;ACIDO ZOLEDRONICO
90300122;ACIDO ZOLEDRONICO
90300149;ACIDO ZOLEDRONICO
90300157;ACIDO ZOLEDRONICO
90426088;TEORO
90430506;ÁCIDO ZOLEDRÔNICO
90430514;ÁCIDO ZOLEDRÔNICO
90430522;ÁCIDO ZOLEDRÔNICO
90421361;DENSIS
90000552;HUMIRA
90330587;HUMIRA
90330595;HUMIRA
90330641;HUMIRA
90421515;HUMIRA
90421523;HUMIRA
90421531;HUMIRA
90421540;HUMIRA
90421558;HUMIRA
90421566;HUMIRA
90421582;HUMIRA
90373189;ZALTRAP
90373197;ZALTRAP
90284739;EYLIA
90284747;EYLIA
90395611;LEMTRADA
90314417;LEMTRADA
90373103;PRALUENT
90373111;PRALUENT
90373120;PRALUENT
90373227;PRALUENT
90373235;PRALUENT
90373243;PRALUENT
90015363;ARIMIDEX
90066235;ANASTROZOL
90403096;ANASTROZOL
90250532;ANASTROLIBBS
90413636;ANYA
90390385;ANASTROZOL
90418948;ANASTROZOL
90419006;ARAZABI
90403630;ERLEADA
90423429;OTEZLA
90423437;OTEZLA
90411919;TECENTRIQ
90408128;BAVENCIO
90339959;INLYTA
90339967;INLYTA
90211499;VIDAZA
90358597;AZACITIDINA
90220170;IMURAN
90292820;IMURAN
90257286;IMUNEN
90077300;FURP-AZATIOPRINA
90320280;IMUSSUPREX
90172680;SIMULECT
90409710;SIMULECT
90254015;BENLYSTA
90254023;BENLYSTA
90380746;RIBOMUSTIN
90380754;RIBOMUSTIN
90395107;FASENRA
90162064;REBIF
90162056;REBIF
90024931;AVONEX
90242475;AVONEX
90438710;BIO-MANGUINHOS BETAINTERFERONA 1A
90438728;BIO-MANGUINHOS BETAINTERFERONA 1A
90320620;EXTAVIA
90320638;EXTAVIA
90246616;BETAFERON
90387732;PLEGRIDY
90387740;PLEGRIDY
90387759;PLEGRIDY
90387767;PLEGRIDY
90184114;AVASTIN
90184106;AVASTIN
90015630;CASODEX
90222067;BICALUTAMIDA
90001990;BICALUTAMIDA
90387724;BICALUTAMIDA
90415027;BYCAL
90415035;BYCAL
90415043;BYCAL
90415051;BYCAL
90415060;BYCAL
90415078;BYCAL
90391764;BLINCYTO
90377265;BOZORED
90377273;BORTEZOMIBE
90107250;VELCADE
90404068;MIELOCADE
90404084;BORTEZOMIBE
90426096;VERAZO
90426100;VERAZO
90426118;VERAZO
90288963;BORTEZOMIBE
90326040;BORTYZ
90432088;TOVAR
90298047;ADCETRIS
90211707;MESTINON
90418336;MESTINON
90375580;MYLERAN
90221044;BUSILVEX
90195620;JEVTANA
90377060;CABAZRED
90377079;CABAZRED
90377095;CABAZITAXEL
90377109;CABAZITAXEL
90359437;PROAZITAX
90377621;CABAZITAXEL
90415124;CAAB
90415248;CABAZITAXEL
90385136;ILARIS
90171098;ILARIS
90377842;CORRETAL
90377850;CORRETAL
90185382;XELODA
90185390;XELODA
90385616;CAPELIV
90385624;CAPELIV
90385632;CAPELIV
90385640;CAPELIV
90385659;CAPELIV
90385667;CAPELIV
90385675;CAPELIV
90385683;CAPELIV
90323238;CAPECITABINA
90323246;CAPECITABINA
90323254;CAPECITABINA
90323262;CAPECITABINA
90323270;CAPECITABINA
90323289;CAPECITABINA
90323297;CAPECITABINA
90323300;CAPECITABINA
90323408;CAPECARE
90323416;CAPECARE
90323424;CAPECARE
90323432;CAPECARE
90323440;CAPECARE
90323459;CAPECARE
90323467;CAPECARE
90323475;CAPECARE
90438698;COAMA
90438701;COAMA
90030648;B-PLATIN
90030630;B-PLATIN
90030621;B-PLATIN
90399951;EVOCARB
90399960;EVOCARB
90399978;EVOCARB
90399986;EVOCARB
90399994;EVOCARB
90091078;CARBOPLATINA
90091086;CARBOPLATINA
90133110;PLATAMINE CS
90133129;PLATAMINE CS
90133137;PLATAMINE CS
90382170;PLATAMINE CS
90382188;PLATAMINE CS
90382200;PLATAMINE CS
90405498;EVOCARB
90405501;EVOCARB
90405510;EVOCARB
90405528;EVOCARB
90405536;EVOCARB
90232313;FAULDCARBO
90232321;FAULDCARBO
90232330;FAULDCARBO
90382862;CITOPLATINA
90382870;CITOPLATINA
90382889;CITOPLATINA
90215320;TECNOCARB
90215338;TECNOCARB
90203143;TEVACARBO
90203151;TEVACARBO
90203135;TEVACARBO
90002032;CARBOPLATINA
90002040;CARBOPLATINA
90359550;KYPROLIS
90333640;BECENUN
90359585;GLIADEL
90382897;CIMZIA
90382900;CIMZIA
90160266;ERBITUX
90160282;ERBITUX
90020294;GENUXAL
90020308;GENUXAL
90218574;GENUXAL
90359828;GENUXAL
90359836;GENUXAL
90007026;RESTASIS
90082508;CICLOSPORINA
90082516;CICLOSPORINA
90082524;CICLOSPORINA
90086945;SIGMASPORIN
90086937;SIGMASPORIN
90086961;SIGMASPORIN
90086970;SIGMASPORIN
90172540;SANDIMMUN
90172558;SANDIMMUN
90172574;SANDIMMUN NEORAL
90172566;SANDIMMUN NEORAL
90172582;SANDIMMUN NEORAL
90172590;SANDIMMUN NEORAL
90030737;C-PLATIN
90030710;C-PLATIN
90030729;C-PLATIN
90120841;CITOPLAX
90228847;CITOPLAX
90255771;PLATISTINE CS
90133145;PLATISTINE CS
90133153;PLATISTINE CS
90144368;FAULDCISPLA
90144384;FAULDCISPLA
90144376;FAULDCISPLA
90215435;TECNOPLATIN
90002083;CISPLATINA
90002067;CISPLATINA
90418140;MYLLCIS
90418158;MYLLCIS
90418166;MYLLCIS
90418174;MYLLCIS
90418182;MYLLCIS
90418190;MYLLCIS
90030680;CITARAX
90030664;CITARAX
90255763;ARACYTIN
90130537;ARACYTIN
90130529;ARACYTIN CS
90130545;ARACYTIN CS
90406044;ARACYTIN
90406052;ARACYTIN
90406060;ARACYTIN
90406079;ARACYTIN
90144406;FAULDCITA
90144414;FAULDCITA
90158873;TABINE
90158865;TABINE
90158881;TABINE
90002113;CITARABINA
90002091;CITARABINA
90002105;CITARABINA
90415213;CYTOS
90415221;CYTOS
90415230;CYTOS
90430689;CITARABINA
90430697;CITARABINA
90430700;CITARABINA
90430719;CITARABINA
90430727;CITARABINA
90430735;CITARABINA
90394429;NINLARO
90394437;NINLARO
90394445;NINLARO
90228308;LEUSTATIN
90375610;LEUKERAN
90360338;XOFIGO
90428803;ALECENSA
90400070;EVOCLASS
90131371;DAUNOBLASTINA
90406028;DAUNOBLASTINA
90158300;DAUNOCIN
90344227;CLORIDRATO DE DAUNORRUBICINA
90355997;EVOCLASS
90214714;CARDIOXANE
90067576;CLORIDRATO DE DOXORRUBICINA
90399781;EVORUBICIN
90399790;EVORUBICIN
90399803;EVORUBICIN
90399811;EVORUBICIN
90228359;CAELYX
90311280;CAELYX
90121643;RUBIDOX
90121651;RUBIDOX
90091221;CLORIDRATO DE DOXORRUBICINA
90091230;CLORIDRATO DE DOXORRUBICINA
90130448;ADRIBLASTINA RD
90130456;ADRIBLASTINA RD
90406095;ADRIBLASTINA RD
90406109;ADRIBLASTINA RD
90144562;FAULDOXO
90144554;FAULDOXO
90158652;ONCODOX
90214838;DOXOPEG
90415302;DOCKS
90415310;DOCKS
90121449;NUOVODOX
90131770;FARMORUBICINA CS
90131762;FARMORUBICINA CS
90131738;FARMORUBICINA CS
90131789;FARMORUBICINA CS
90131746;FARMORUBICINA CS
90406630;FARMORUBICINA RD
90406648;FARMORUBICINA RD
90406656;FARMORUBICINA RD
90406664;FARMORUBICINA RD
90406672;FARMORUBICINA RD
90002148;CLORIDRATO DE EPIRRUBICINA
90002130;CLORIDRATO DE EPIRRUBICINA
90429265;BRECILA
90429273;BRECILA
90429281;BRECILA
90236157;GILENYA
90409990;CLORIDRATO DE FINGOLIMODE
90414993;CLORIDRATO DE FINGOLIMODE
90360990;CLORIDRATO DE FINGOLIMODE
90270797;CLORIDRATO DE GENCITABINA
90270800;CLORIDRATO DE GENCITABINA
90051319;GEMZAR
90051327;GEMZAR
90067584;CLORIDRATO DE GENCITABINA
90067606;CLORIDRATO DE GENCITABINA
90399838;EVOZAR
90399846;EVOZAR
90191510;GEMCIT
90191528;GEMCIT
90292430;GENCIX
90292448;GENCIX
90292456;GENCIX
90292464;GENCIX
90292472;GENCIX
90292480;GENCIX
90144694;GENLIBBS
90144686;GENLIBBS
90278550;EMTAZ
90278569;EMTAZ
90215133;PAMIGEN
90215141;PAMIGEN
90002164;CLORIDRATO DE GENCITABINA
90002156;CLORIDRATO DE GENCITABINA
90415191;GENABYX
90415205;GENABYX
90417992;MYLZAR
90418000;MYLZAR
90418018;MYLZAR
90418026;MYLZAR
90418034;MYLZAR
90418042;MYLZAR
90400100;EVOMID
90400119;EVOMID
90133820;ZAVEDOS
90133846;ZAVEDOS
90381653;EVOMID
90381661;EVOMID
90381777;ZAVEDOS
90381785;ZAVEDOS
90008677;PROTO-ITECAN
90400003;EVOTERIN
90400011;EVOTERIN
90091256;CLORIDRATO DE IRINOTECANO
90091248;CLORIDRATO DE IRINOTECANO
90130006;LIBRATECAM
90230809;CAMPTOSAR
90230817;CAMPTOSAR
90130880;CAMPTOSAR
90130898;CAMPTOSAR
90381637;IRIMAC
90381645;IRIMAC
90381980;EVOTERIN
90381998;EVOTERIN
90405692;CAMPTOSAR
90405706;CAMPTOSAR
90215478;TECNOTECAN
90215460;TECNOTECAN
90002172;CLORIDRATO DE IRINOTECANO
90002180;CLORIDRATO DE IRINOTECANO
90415000;CLORITECAN
90415019;CLORITECAN
90251180;CLORIDRATO DE IRINOTECANO
90361148;CLORIDRATO DE IRINOTECANO
90361156;CLORIDRATO DE IRINOTECANO
90265726;TREBYXAN
90265688;TREBYXAN
90265696;TREBYXAN
90265700;TREBYXAN
90265718;TREBYXAN
90265670;TREBYXAN
90343972;EVOTERIN
90203216;TEVAIRINOT
90203224;TEVAIRINOT
90343980;EVOTERIN
90400020;EVOMIXAN
90384903;VOTRIENT
90384911;VOTRIENT
90384920;VOTRIENT
90400143;EVOTECAN
90309472;HYCAMTIN
90309480;HYCAMTIN
90381670;EVOTECAN
90158938;TOPORAN
90384989;HYCAMTIN
90215010;ONCOTECAN
90344138;EVOTECAN
90282213;CLORIDRATO DE TOPOTECANA
90282221;TOPOTACX
90351282;XALKORI
90351290;XALKORI
90351304;XALKORI
90351312;XALKORI
90068050;DACARB
90400038;EVODAZIN
90400046;EVODAZIN
90223551;ASERCIT
90223560;ASERCIT
90120922;DACARBAZINA
90405412;EVODAZIN
90405420;EVODAZIN
90144325;FAULDACAR
90144317;FAULDACAR
90158288;D.T.I. / DACARBACINA
90158296;D.T.I. / DACARBACINA
90380720;DALINVI
90380738;DALINVI
90035739;SPRYCEL
90035747;SPRYCEL
90219821;SPRYCEL
90219830;SPRYCEL
90377087;REDTIBIN
90377150;DECITABINA
90105699;DACOGEN
90003527;DECADRON
90003535;DECADRON
90003560;DECADRON
90003519;DECADRON
90297474;MAXIDEX
90297482;MAXIDEX
90006909;OZURDEX
90022742;DEXAGLOS
90374495;NEODEX
90397070;DEXAMETASONA
90301838;DEXADEN
90055560;DEXAMETASONA
90055551;DEXAMETASONA
90069099;KOIDEXA
90072626;DEXAMETASONA
90072537;DEXAMETASONA
90072618;DEXAMETASONA
90079396;DEXAMETASONA
90280725;DEXAMETASONA+SULFATO DE NEOMICINA+SULFATO DE POLIMIXINA B
90280628;MAXIVIEW
90078977;BEXETON
90116968;DEXAMETASONA
90118740;NEODEX
90137213;DEXAMETASONA
90137230;DEXAMETASONA
90259106;DEXAMETASONA
90312139;DEXASON
90339630;DEXASON
90362187;DEXASON
90404220;DEXAMETASONA
90404246;DEXAMETASONA
90352408;DEXAMETASONA
90175824;CORTIDEX
90240677;ACETAZONA
90240685;ACETAZONA
90267257;ACETAZONA
90267249;ACETAZONA
90322860;ACETAZONA
90208005;DEXANOM
90212380;DEXAMEX
90212401;DEXAMEX
90430255;DEXAMETASONA
90431138;DEXAMETASONA
90421370;KOIDEXA
90348141;GIOTRIF
90348150;GIOTRIF
90384776;MEKINIST
90384784;MEKINIST
90384954;TYKERB
90068351;DOCETAXEL
90068360;DOCETAXEL
90091302;DOCETAXEL
90091310;DOCETAXEL
90381475;DOCEGLENNU
90381483;DOCEGLENNU
90404769;DOCETAXEL
90404777;DOCETAXEL
90144236;DOCELIBBS
90144228;DOCELIBBS
90217543;TAXOTERE
90217551;TAXOTERE
90399455;DOCEUNO
90399463;DOCEUNO
90426037;DOCELIBBS
90426045;DOCELIBBS
90426053;DOCELIBBS
90215001;ONCODOCEL
90214994;ONCODOCEL
90395450;DUPIXENT
90395468;DUPIXENT
90395085;IMFINZI
90395093;IMFINZI
90393333;SOLIRIS
90397614;EMPLICITI
90397622;EMPLICITI
90411935;HEMCIBRA
90411943;HEMCIBRA
90411951;HEMCIBRA
90411960;HEMCIBRA
90327470;XTANDI
90327489;XTANDI
90185170;TARCEVA
90185153;TARCEVA
90185161;TARCEVA
90333934;OFEV
90333942;OFEV
90392094;ENBREL PFS
90392108;ENBREL PFS
90392116;ENBREL PFS
90392124;ENBREL PFS
90392132;ENBREL PFS
90392140;ENBREL PFS
90392159;ENBREL PFS
90392167;ENBREL PFS
90392175;ENBREL PFS
90392183;ENBREL PFS
90422643;ENBREL PFS
90422651;ENBREL PFS
90422660;ENBREL PFS
90422678;ENBREL PFS
90423658;BRENZYS
90392043;ENBREL
90030850;EPÓSIDO
90035844;VEPESID
90291891;EUNADES CS
90381904;EVOPOSDO
90381912;EVOPOSDO
90406176;EUNADES CS
90344030;EVOPOSDO
90203160;TEVAETOPO
90399820;EVOPOSDO
90344049;EVOPOSDO
90305027;EVEROLIMO
90305035;EVEROLIMO
90305043;EVEROLIMO
90305051;EVEROLIMO
90305060;EVEROLIMO
90305078;EVEROLIMO
90382218;OSYS
90382226;OSYS
90382234;OSYS
90169689;CERTICAN
90169697;CERTICAN
90169700;CERTICAN
90169271;AFINITOR
90169263;AFINITOR
90236076;AFINITOR
90423798;EVEROLIMO
90423801;EVEROLIMO
90423810;EVEROLIMO
90423828;EVEROLIMO
90423836;EVEROLIMO
90423844;EVEROLIMO
90423852;EVEROLIMO
90423860;EVEROLIMO
90423879;EVEROLIMO
90423887;EVEROLIMO
90423895;EVEROLIMO
90423909;EVEROLIMO
90357450;REPATHA
90357469;REPATHA
90357477;REPATHA
90357485;REPATHA
90130553;AROMASIN
90351452;EXEMESTANO
90351460;EXEMESTANO
90351479;EXEMESTANO
90406036;AROMASIN
90429028;EXEMESTANO
90429052;EMAH
90429060;EMAH
90415256;EXEMESTANO
90291972;FAMPYRA
90291964;FAMPYRA
90397649;LANEXAT
90046269;FLUMAZIL
90302265;FLUMAZIL
90403363;FLUMAZENIL
90403398;FLUMAZENIL
90102380;FLUNEXIL
90338499;FLUMAZENIL
90338502;FLUMAZENIL
90338510;FLUMAZENIL
90339231;FLUMAZENIL
90339266;LENAZEN
90350855;LENAZEN
90404211;FLUMAZENIL
90363280;FLUZANTIC
90363299;FLUZANTIC
90363302;FLUZANTIC
90363310;FLUZANTIC
90363329;FLUZANTIC
90363337;FLUZANTIC
90363345;FLUZANTIC
90363353;FLUZANTIC
90363361;FLUZANTIC
90363370;FLUZANTIC
90184513;LANEXAT
90208650;FLUMAZENIL
90068661;FLUORURACILA
90424999;FLUSAN
90068688;FLUSAN
90211553;EFURIX
90120965;FLUORURACILA
90228910;FLUORURACILA
90228928;FLUORURACILA
90228936;FLUORURACILA
90228944;FLUORURACILA
90228952;FLUORURACILA
90228960;FLUORURACILA
90144473;FAULDFLUOR
90144457;FAULDFLUOR
90002326;FLUORURACILA
90002300;FLUORURACILA
90002318;FLUORURACILA
90002490;NEUGRAST
90002474;NEUGRAST
90002482;NEUGRAST
90300009;FLUTAMIDA
90300017;FLUTAMIDA
90300025;FLUTAMIDA
90333748;TEFLUT
90333756;TEFLUT
90333764;TEFLUT
90068750;FOLINATO DE CÁLCIO
90068742;FOLINATO DE CÁLCIO
90097181;FOLINAC
90127781;PREVAX
90132238;LEGIFOL CS
90144481;FAULDLEUCO
90144490;FAULDLEUCO
90215494;TECNOVORIN
90203178;TEVAFOLIN
90203186;TEVAFOLIN
90241932;TEVAFOLIN
90241940;TEVAFOLIN
90241967;TEVAFOLIN
90400062;EVOFLUBINA
90405005;EVOFLUBINA
90144651;FLUDALIBBS
90273753;FLUDARA
90273761;FLUDARA
90344057;EVOFLUBINA
90344197;FOSFATO DE FLUDARABINA
90344200;FOSFATO DE FLUDARABINA
90341970;JAKAVI
90341988;JAKAVI
90341996;JAKAVI
90134206;MUPHORAN
90326555;TECFIDERA
90326563;TECFIDERA
90326571;TECFIDERA
90326580;TECFIDERA
90326598;TECFIDERA
90326601;TECFIDERA
90326610;TECFIDERA
90205120;SYGEN
90015886;IRESSA
90268970;SIMPONI
90268989;SIMPONI
90311221;SIMPONI
90380711;SIMPONI
90403584;TREMFYA
90363949;COTELLIC
90049896;NAVELBINE
90049900;NAVELBINE
90049918;NAVELBINE
90049926;NAVELBINE
90400151;EVOTABINA
90400160;EVOTABINA
90381700;EVOTABINA
90381718;EVOTABINA
90158644;ONCOBINE
90158636;ONCOBINE
90035259;HYDREA
90390393;TEPEV
90420640;TEPEV
90420659;TEPEV
90420667;TEPEV
90420675;TEPEV
90420683;TEPEV
90431170;HIDROXIUREIA
90431189;HIDROXIUREIA
90431197;HIDROXIUREIA
90431200;HIDROXIUREIA
90431219;HIDROXIUREIA
90431227;HIDROXIUREIA
90311299;IMBRUVICA
90311302;IMBRUVICA
90373944;PRAXBIND
90020367;HOLOXANE
90020340;HOLOXANE
90020359;HOLOXANE
90364740;HOLOXANE
90364724;HOLOXANE
90364732;HOLOXANE
90068998;IFOSFAMIDA
90068980;IFOSFAMIDA
90400054;EVOLOX
90130022;LIFOS
90404971;EVOLOX
90078551;THYMOGLOBULINE
90268920;REMICADE
90345096;BIO MANGUINHOS INFLIXIMABE
90346408;REMSIMA
90423666;RENFLEXIS
90255224;YERVOY
90255232;YERVOY
90398750;TALTZ
90398769;TALTZ
90398777;TALTZ
90398785;TALTZ
90398793;TALTZ
90398807;TALTZ
90423380;REVLIMID
90423399;REVLIMID
90423402;REVLIMID
90423410;REVLIMID
90435346;REVLIMID
90435354;REVLIMID
90398726;LETROZOL
90069137;LETROZOL
90170555;FEMARA
90355237;LETROZOL
90385497;SOLETRE
90413431;LETROZOL
90414918;LETROZOL
90420616;LEFÉMI
90420624;LEFÉMI
90420632;LEFÉMI
90423771;LETROZOL
90423780;LETROZOL
90416465;CABOMETYX
90416473;CABOMETYX
90416481;CABOMETYX
90035151;CITOSTAL
90035160;CITOSTAL
90133390;SUTENT
90133404;SUTENT
90133412;SUTENT
90375599;ALKERAN
90375602;ALKERAN
90402340;NUCALA
90277082;PURINETHOL
90384822;TAFINLAR
90384830;TAFINLAR
90384849;TAFINLAR
90384857;TAFINLAR
90292618;HALAVEN
90257847;MESILATO DE IMATINIBE
90257855;MESILATO DE IMATINIBE
90257863;MESILATO DE IMATINIBE
90257871;MESILATO DE IMATINIBE
90257880;MESILATO DE IMATINIBE
90257898;MESILATO DE IMATINIBE
90257901;MESILATO DE IMATINIBE
90222008;MESILATO DE IMATINIBE
90222016;MESILATO DE IMATINIBE
90260112;MESILATO DE IMATINIBE
90260120;MESILATO DE IMATINIBE
90170911;GLIVEC
90170938;GLIVEC
90170920;GLIVEC
90429443;LEUPHILA
90429451;LEUPHILA
90418913;GLIMATIN
90389921;GLIMATIN
90419430;MESILATO DE IMATINIBE
90419448;MESILATO DE IMATINIBE
90287118;MESILATO DE IMATINIBE
90287126;MESILATO DE IMATINIBE
90287134;MESILATO DE IMATINIBE
90287142;MESILATO DE IMATINIBE
90287150;MESILATO DE IMATINIBE
90366166;LENVIMA
90366174;LENVIMA
90366204;LENVIMA
90366190;LENVIMA
90372948;TAGRISSO
90372956;TAGRISSO
90020553;MITEXAN
90020537;MITEXAN
90020545;MITEXAN
90031989;MESNA
90069544;MESNA
90235851;MESNA
90027663;NORMASTIG
90333829;METILSULFATO DE NEOSTIGMINA
90333837;METILSULFATO DE NEOSTIGMINA
90333845;METILSULFATO DE NEOSTIGMINA
90333853;METILSULFATO DE NEOSTIGMINA
90333861;METILSULFATO DE NEOSTIGMINA
90211758;PROSTIGMINE
90414101;NORMASTIG
90032012;METREXATO
90347951;MTX
90347960;MTX
90373766;METOTREXATO
90373774;METOTREXATO
90130049;LITREXATE
90255780;MIANTREX CS
90132866;MIANTREX CS
90132858;MIANTREX CS
90405544;MIANTREX CS
90405552;MIANTREX CS
90405560;MIANTREX CS
90144503;FAULDMETRO
90144538;FAULDMETRO
90144546;FAULDMETRO
90144511;FAULDMETRO
90215397;TECNOMET
90203275;TEVAMETHO
90203267;TEVAMETHO
90203259;TEVAMETHO
90203240;TEVAMETHO
90002423;HYTAS
90002440;HYTAS
90439309;HYTAS
90348940;MOFECELL
90348958;MOFECELL
90348966;MOFECELL
90348974;MOFECELL
90348982;MOFECELL
90348990;MOFECELL
90366239;MICOFENOLATO DE MOFETILA
90366247;MICOFENOLATO DE MOFETILA
90366255;MICOFENOLATO DE MOFETILA
90366263;MICOFENOLATO DE MOFETILA
90366271;MICOFENOLATO DE MOFETILA
90371526;MICOFENOLATO DE MOFETILA
90057961;MICOFENOLATO DE MOFETILA
90069560;MICOFENOLATO DE MOFETILA
90306090;MICOFENOLATO DE MOFETILA
90306104;MICOFENOLATO DE MOFETILA
90306112;MICOFENOLATO DE MOFETILA
90306120;MICOFENOLATO DE MOFETILA
90306139;MICOFENOLATO DE MOFETILA
90306147;MICOFENOLATO DE MOFETILA
90306155;MICOFENOLATO DE MOFETILA
90306163;MICOFENOLATO DE MOFETILA
90252578;MOFILEN
90184254;CELLCEPT
90002458;MICOFENOLATO DE MOFETILA
90002466;MICOFENOLATO DE MOFETILA
90304926;MICOFENOLATO DE SODIO
90304934;MICOFENOLATO DE SODIO
90366280;MICOFENOLATO DE SODIO
90366298;MICOFENOLATO DE SODIO
90171756;MYFORTIC
90171764;MYFORTIC
90387660;MICOFENOLATO DE SÓDIO
90387678;MICOFENOLATO DE SÓDIO
90387686;MICOFENOLATO DE SÓDIO
90387694;MICOFENOLATO DE SÓDIO
90387708;MICOFENOLATO DE SÓDIO
90387716;MICOFENOLATO DE SÓDIO
90418964;MICOFENOLATO DE SÓDIO
90418972;MICOFENOLATO DE SÓDIO
90409760;RYDAPT
90035445;MITOCIN
90035283;LISODREN
90024940;TYSABRI
90395620;THYMOGLOBULINE
90414950;TRISENOX
90320549;TASIGNA
90354834;TASIGNA
90172922;TASIGNA
90067193;CIMAHER
90348729;OPDIVO
90348737;OPDIVO
90387775;SPINRAZA
90321790;GAZYVA
90411927;OCREVUS
90384938;ARZERRA
90384946;ARZERRA
90372964;LYNPARZA
90424166;LYNPARZA COMPRIMIDOS
90424174;LYNPARZA COMPRIMIDOS
90398815;LARTRUVO
90384962;XOLAIR
90384970;XOLAIR
90409671;XOLAIR
90173392;XOLAIR
90194926;ELOXATIN
90194934;ELOXATIN
90333896;OXALIPLATINA
90333900;OXALIPLATINA
90333918;OXALIPLATINA
90333926;OXALIPLATINA
90069900;OXALIPLATINA
90069927;OXALIPLATINA
90400089;EVOXALI
90400097;EVOXALI
90126564;BIOEZULEN
90126572;BIOEZULEN
90091426;OXALIPLATINA
90091434;OXALIPLATINA
90129962;LIBOXAL
90129970;LIBOXAL
90381688;EVOXALI
90381696;EVOXALI
90145151;OXALIBBS
90145143;OXALIBBS
90382293;OXALIBBS
90382307;OXALIBBS
90158709;OXALIMEIZ
90234138;OXALIMEIZ
90215028;O-PLAT
90215036;O-PLAT
90241975;TEVAOXALI
90241983;TEVAOXALI
90242009;TEVAOXALI
90430557;COLLECTRO
90430565;COLLECTRO
90430620;OXALIPLATINA
90430638;OXALIPLATINA
90430646;OXALIPLATINA
90430654;OXALIPLATINA
90430662;OXALIPLATINA
90430670;OXALIPLATINA
90423690;OXALIMEIZ
90423704;OXALIMEIZ
90294009;PACLITAXEL
90294017;PACLITAXEL
90294025;PACLITAXEL
90294033;PACLITAXEL
90294041;PACLITAXEL
90294050;PACLITAXEL
90294068;PACLITAXEL
90294076;PACLITAXEL
90294084;PACLITAXEL
90294092;PACLITAXEL
90294106;PACLITAXEL
90294114;PACLITAXEL
90035780;TAXOL
90255100;TAXOL
90035801;TAXOL
90069994;PACLITAXEL
90070003;PACLITAXEL
90399854;EVOTAXEL
90399862;EVOTAXEL
90399870;EVOTAXEL
90399889;EVOTAXEL
90399897;EVOTAXEL
90399900;EVOTAXEL
90399919;EVOTAXEL
90399927;EVOTAXEL
90399935;EVOTAXEL
90399943;EVOTAXEL
90349474;PACLITAXEL
90349482;PACLITAXEL
90349490;PACLITAXEL
90349504;PACLITAXEL
90310608;TARVEXOL
90310616;TARVEXOL
90403177;PACLITAXEL
90121724;TAXILAN
90121732;TAXILAN
90121740;TAXILAN
90091469;PACLITAXEL
90091450;PACLITAXEL
90145100;ONTAX
90145119;ONTAX
90145127;ONTAX
90250494;ONTAX
90250508;ONTAX
90250516;ONTAX
90158733;PACLIMEIZ
90158741;PACLIMEIZ
90215176;PAREXEL
90215184;PAREXEL
90215206;PAREXEL
90215192;PAREXEL
90002504;PACLITAXEL
90002520;PACLITAXEL
90002512;PACLITAXEL
90417755;MYLTOL
90417763;MYLTOL
90417771;MYLTOL
90417780;MYLTOL
90417798;MYLTOL
90417801;MYLTOL
90417810;MYLTOL
90417828;MYLTOL
90417836;MYLTOL
90417844;MYLTOL
90417852;MYLTOL
90417860;MYLTOL
90392795;ABRAXANE
90423712;PACLIMEIZ
90423720;PACLIMEIZ
90422619;IBRANCE
90422627;IBRANCE
90422635;IBRANCE
90330420;SYNAGIS
90330439;SYNAGIS
90330447;SYNAGIS
90390849;SYNAGIS
90390857;SYNAGIS
90331761;VECTIBIX
90331770;VECTIBIX
90416813;ONCASPAR
90383818;KEYTRUDA
90051114;ALIMTA
90051106;ALIMTA
90399234;EROXYM
90399242;EROXYM
90267648;PEMEGLENN
90267656;PEMEGLENN
90267664;PEMETREXEDE
90267672;PEMETREXEDE
90250630;ATRED
90250648;ATRED
90325621;TACTROL
90325630;TACTROL
90325885;PEMETREXEDE DISSODICO
90325893;PEMETREXEDE DISSODICO
90325907;PEMETREXEDE DISSODICO
90325915;PEMETREXEDE DISSODICO
90325923;PEMETREXEDE DISSODICO
90325931;PEMETREXEDE DISSODICO
90396901;PEMETREXEDE DISSÓDICO HEMIPENTAIDRATADO
90396910;PEMETREXEDE DISSÓDICO HEMIPENTAIDRATADO
90396928;PEMETREXEDE DISSÓDICO HEMIPENTAIDRATADO
90396936;PEMETREXEDE DISSÓDICO HEMIPENTAIDRATADO
90396944;PEMETREXEDE DISSÓDICO HEMIPENTAIDRATADO
90396952;PEMETREXEDE DISSÓDICO HEMIPENTAIDRATADO
90435567;MESOTEM
90435575;MESOTEM
90272889;PEMEKER
90325826;PEMTRYX
90325834;PEMTRYX
90325842;PEMTRYX
90325850;PEMTRYX
90325869;PEMTRYX
90325877;PEMTRYX
90294432;PERJETA
90355210;ESBRIET
90349075;CYRAMZA
90349083;CYRAMZA
90320778;LUCENTIS
90409582;LUCENTIS
90171454;LUCENTIS
90195000;FASTURTEC
90344570;STIVARGA
90344588;STIVARGA
90196813;RILUTEK
90294831;RILUZOL
90305280;RILUZOL
90227743;RILUZOL
90314522;LFM-RILUZOL
90314530;LFM-RILUZOL
90314549;LFM-RILUZOL
90314557;LFM-RILUZOL
90382439;RILUZOL
90382447;RILUZOL
90382455;RILUZOL
90382463;RILUZOL
90235762;TEKZOR
90278658;RILOTOL
90278674;RILUZOL
90328531;RILUZOL
90435966;RIXIMYO
90435974;RIXIMYO
90184580;MABTHERA
90184599;MABTHERA
90343115;MABTHERA SC
90342003;COSENTYX
90342011;COSENTYX
90342020;COSENTYX
90342038;COSENTYX
90342046;COSENTYX
90311248;SYLVANT
90311256;SYLVANT
90214196;RAPAMUNE
90214200;RAPAMUNE
90422511;RAPAMUNE
90422520;RAPAMUNE
90409779;KISQALI
90409787;KISQALI
90409795;KISQALI
90201302;BRIDION
90125347;BONAR
90158202;CINALEO
90215419;TECNOMICINA
90223578;RABINEFIL
90144295;FAULBLASTINA
90314174;FAULBLASTINA
90159063;VINATIN
90381017;SULFATO DE VINCRISTINA
90381025;SULFATO DE VINCRISTINA
90381033;SULFATO DE VINCRISTINA
90133790;VINCIZINA CS
90405757;VINCIZINA CS
90144600;FAULDVINCRI
90291980;FAULDVINCRI
90215346;TECNOCRIS
90002709;SULFATO DE VINCRISTINA
90221567;TACROLIL
90221575;TACROLIL
90305469;TACROLIMO
90305477;TACROLIMO
90305485;TACROLIMO
90305493;TACROLIMO
90305507;TACROLIMO
90426002;TACROZ
90426029;TACROZ
90232470;TARFIC
90232488;TARFIC
90158890;TACROFORT
90417356;PROTOPIC
90417364;PROTOPIC
90417372;PROTOPIC
90250079;TACROLIMO
90250087;TACROLIMO
90250567;TARFIC
90250575;TARFIC
90250583;TARFIC
90250591;TARFIC
90408829;ATOBACH
90408837;ATOBACH
90408845;ATOBACH
90408853;ATOBACH
90427297;TACROLIMO
90427300;TACROLIMO
90427319;TACROLIMO
90427327;TACROLIMO
90415957;CROPOC
90415965;CROPOC
90415973;CROPOC
90415981;CROPOC
90429524;TACROLIMO
90429532;TACROLIMO
90429540;TACROLIMO
90429559;TACROLIMO
90327497;PROGRAF
90327500;PROGRAF
90327519;PROGRAF
90327527;PROGRAF
90327535;PROGRAF
90423674;TACROFORT
90423682;TACROFORT
90369653;VYNDAQEL
90077199;FUNED - TALIDOMIDA
90311841;TEMOZOLOMIDA
90311850;TEMOZOLOMIDA
90311868;TEMOLIDA
90311876;TEMOLIDA
90254899;TEMODAL
90254902;TEMODAL
90254910;TEMODAL
90254937;TEMODAL
90254945;TEMODAL
90254929;TEMODAL
90254953;TEMODAL
90321022;TEMODAL
90321030;TEMODAL
90321049;TEMODAL
90321057;TEMODAL
90321065;TEMODAL
90321073;TEMODAL
90321200;TEMOZOLOMIDA
90321219;TEMOZOLOMIDA
90321227;TEMOZOLOMIDA
90321235;TEMOZOLOMIDA
90321243;TEMOZOLOMIDA
90321251;TEMOZOLOMIDA
90385578;TELMA
90385586;TELMA
90385594;TELMA
90385608;TELMA
90323190;TEMOZOLOMIDA
90323203;TEMOZOLOMIDA
90323211;TEMOZOLOMIDA
90323220;TEMOZOLOMIDA
90323319;TEMOZOD
90323327;TEMOZOD
90323335;TEMOZOD
90323343;TEMOZOD
90413644;TEMOZOLOMIDA
90369670;ZABRUX
90369661;ZABRUX
90369688;ZABRUX
90414438;TEMOZOLOMIDA
90414446;TEMOZOLOMIDA
90414454;TEMOZOLOMIDA
90035879;VUMON
90214277;TORISEL
90422503;TORISEL
90395700;AUBAGIO
90314409;AUBAGIO
90422309;TERIFLUNOMIDA
90388542;MEVATYL
90287576;LANVIS
90184076;ACTEMRA
90184050;ACTEMRA
90321804;ACTEMRA SC
90321812;ACTEMRA SC
90246659;NEXAVAR
90406869;ZEDORA
90406877;ZEDORA
90406885;ZEDORA
90406893;ZEDORA
90406907;ZEDORA
90184440;HERCEPTIN
90253736;HERCEPTIN
90294440;PERJETA HER
90355199;HERCEPTIN SC
90321758;KADCYLA
90321766;KADCYLA
90400216;VESANOID
90203780;VITACID
90203798;VITACID
90203810;VITACID XT
90134923;VITANOL-A
90134931;VITANOL-A
90134940;VITANOL-A
90134958;VITANOL-A
90185366;VESANOID
90419847;TRETINOÍNA
90419855;TRETINOÍNA
90419863;TRETINOÍNA
90114558;ETNA
90215508;TRISENOX
90114566;ETNA
90228618;ETNA
90106997;STELARA
90311264;STELARA
90311272;STELARA
90380827;STELARA
90270762;CAPRELSA
90270754;CAPRELSA
90395689;CAPRELSA
90395697;CAPRELSA
90407148;CAPRELSA
90407156;CAPRELSA
90298080;ENTYVIO
90253744;ZELBORAF
90421590;VENCLEXTA
90421604;VENCLEXTA
90421612;VENCLEXTA
90421620;VENCLEXTA
90173309;VISUDYNE
90221052;JAVLOR
90221079;JAVLOR
90069846;NORELBIN
90370180;ERIVEDGE
90039297;IDA
90039300;IDA
90039254;DOSATAXEL
90039262;DOSATAXEL
90039319;VILNE
90039327;VILNE
90439465;ÁCIDO ZOLEDRÔNICO
90439473;ÁCIDO ZOLEDRÔNICO
90439481;ÁCIDO ZOLEDRÔNICO
90439490;ÁCIDO ZOLEDRÔNICO
90439503;ÁCIDO ZOLEDRÔNICO
90439562;ANASTROZOL
90439570;ANASTROZOL
90439589;ANASTROZOL
90439597;ANASTROZOL
90439740;TECENTRIQ
90439759;WINDUZA
90440498;SIGMASPORIN MICRORAL
90440501;SIGMASPORIN MICRORAL
90441907;DECITABINA
90442326;FAULDLEUCO
90442334;FAULDLEUCO
90442822;XILFYA
90442962;LEMOL
90443128;LENVIMA
90443136;LENVIMA
90443411;BIOEZULEN
90443420;BIOEZULEN
90443438;OXALIPLATINA
90443446;OXALIPLATINA
90443560;ONCASPAR
90443578;SUKHI
90443586;SUKHI
90444060;VIVAXXIA
90444078;VIVAXXIA
90444086;VIVAXXIA
90444450;DABAZ
90444604;TRUXIMA
90444612;TRUXIMA
90445252;TRAZIMERA
90445783;B -PLATIN
90445805;TRAZIMERA
90446470;LEMTRADA
90446496;VITPEEL
90446500;VITPEEL
90446518;VITPEEL
90446895;HERZUMA
90446950;RAPAMUNE
90449410;CLORIDRATO DE DOXORRUBICINA
90449428;CLORIDRATO DE DOXORRUBICINA
90450019;HALAVEN
90450167;CAMPTRIX
90450175;CAMPTRIX
90450183;CAMPTRIX
90450191;CAMPTRIX
90450310;CAMPTRIX
90450329;CAMPTRIX
90450337;ZOMI
90450485;BONAR
90450531;HERZUMA
90451538;KANJINTI
90451546;KANJINTI
90451554;KANJINTI
90452348;ONTRUZANT
90452470;FUNED - TALIDOMIDA
90452569;COLLECTRO
90452577;COLLECTRO
90452585;COLLECTRO
90452674;COLLECTRO
90452682;COLLECTRO
90452690;COLLECTRO
90453034;TEMOZOLOMIDA
90453042;TEMOZOLOMIDA
90453050;TEMOZOLOMIDA
90453069;TEMOZOLOMIDA
90453077;TEMOZOLOMIDA
90453123;TEMOZOLOMIDA
90453190;OXALIPLATINA
90453204;OXALIPLATINA
90453310;OXALIPLATINA
90453328;OXALIPLATINA
90454839;AMGEVITA
90454847;AMGEVITA
90454944;AMGEVITA
90454952;AMGEVITA
90454960;AMGEVITA
90455576;REVLIMID
90455584;REVLIMID
90455630;ANYA
90455649;REVLIMID
90455657;REVLIMID
90455665;REVLIMID
90455673;DECI
90455711;ANYA
90455720;ANYA
90455738;ANYA
90455800;LETROZOL
90455835;VITANOL-A
90455916;VITANOL-A
90455924;VITANOL-A
90455975;AUBAGIO
90456343;INLYTA
90456351;INLYTA
90456556;LILIYA
90456858;DEXASON
90456866;DEXASON
90457188;RILUZOL
90457196;RILUZOL
90457315;DUPIXENT
90458354;DUPIXENT
90458362;DUPIXENT
90458451;MAVENCLAD
90458460;MAVENCLAD
90458478;MAVENCLAD
90458567;RAPAMUNE
90459210;COAMA
90459393;COAMA
90460529;CLORIDRATO DE GENCITABINA
90461916;LETROZOL
90462416;CLORIDRATO DE GENCITABINA
90462424;CLORIDRATO DE GENCITABINA
90463838;DENSIS
90463862;HYRIMOZ
90463870;HYRIMOZ
90465369;BORTEZOMIBE
90465601;JEVTANA
90466462;CITOPLAX
90470206;DECITABINA
90471075;BIO-MANGUINHOS ETANERCEPTE
90471091;EXHER
90471105;EXHER
90471113;EXHER
90471121;EXHER
90471130;EXHER
90471148;EXHER
90471156;EXHER
90471164;EXHER
90471296;JAKAVI
90472330;SIMPONI
90474287;MESILATO DE IMATINIBE
90474295;MESILATO DE IMATINIBE
90474309;MESILATO DE IMATINIBE
90474317;MESILATO DE IMATINIBE
90475135;AKSSUS
90475755;PEMETREXEDE DISSÓDICO
90475763;PEMETREXEDE DISSÓDICO
90475933;EGURINEL
90477146;TERIFLUNOMIDA
90477154;RYFLUNA
90477162;TERIFLUNOMIDA
90477170;TERIFLUNOMIDA
90477774;CAPRELSA
90477782;CAPRELSA
90479483;PROAZITAX
90479564;CAPECITABINA
90481135;CLORIDRATO DE GENCITABINA
90481143;CLORIDRATO DE GENCITABINA
90481151;CLORIDRATO DE IRINOTECANO TRI-HIDRATADO
90481160;CLORIDRATO DE IRINOTECANO TRI-HIDRATADO
90481178;CLORIDRATO DE IRINOTECANO TRI-HIDRATADO
90481186;CLORIDRATO DE IRINOTECANO TRI-HIDRATADO
90482174;DACARBAZINA
90482182;DACARBAZINA
90482557;DEXAMETASONA
90482565;DEXAMETASONA
90482573;DEXAMETASONA
90482581;DEXAMETASONA
90482590;DEXAMETASONA
90482603;DEXAMETASONA
90483103;TAXOTERE
90483111;TAXOTERE
90485564;SABINE
90485572;NOAZY
90485580;NOAZY
90487435;OXA
90487443;OXA
90487451;OXA
90487460;ELOXATIN
90487478;ELOXATIN
90487486;OXALIPLATINA
90487494;OXALIPLATINA
90487508;OXALIPLATINA
90487516;OXALIPLATINA
90487532;TAXILAN
90487699;PEMETREXEDE DISSODICO
90487702;PEMETREXEDE DISSODICO
90488407;RUXIENCE
90488415;RUXIENCE
90489250;ACTEMRA
90489268;ACTEMRA
90490436;DEXAMETASONA
90490444;DEXAMETASONA
90490630;ERELZI
90490649;ERELZI
90491238;DEXAMETASONA
90492269;IDACIO
90492277;IDACIO
90492285;IDACIO
90492293;XILBRILADA
90492307;XILBRILADA
90492315;XILBRILADA
90492323;XILBRILADA
90492803;OTEZLA
90492811;OTEZLA
90493117;BENLYSTA
90493125;BENLYSTA
90493281;MIBO
90493290;BORTEZOMIBE
90493648;CAPECITABINA
90494970;GCIB
90494989;GCIB
90494997;HETGEM
90495004;HETGEM
90496280;DALINVI
90496990;FAMPYRA
90497171;EFURIX
90497813;TREMFYA
90499000;IVEVI
90499484;NUCALA
90499492;NUCALA
90499557;MESILATO DE IMATINIBE
90499565;MESILATO DE IMATINIBE
90499573;MESILATO DE IMATINIBE
90499581;MESILATO DE IMATINIBE
90499590;PLUTO
90499603;PLUTO
90499611;PLUTO
90499620;PLUTO
90499700;MTX
90501306;OXALIPLATINA
90501314;OXALIPLATINA
90501322;OXALIPLATINA
90501330;ONTAX
90504763;CAPZAT
90504771;CAPZAT
90505697;CLORIDRATO DE GENCITABINA
90505700;CLORIDRATO DE GENCITABINA
90505719;CLORIDRATO DE IRINOTECANO
90505727;CLORIDRATO DE IRINOTECANO
90505735;IRO
90505743;IRNO
90505751;IRNO
90506430;DEXAMETASONA
90507657;METOTREXATO
90507681;MYYKO LR
90507690;MYYKO LR
90507703;MYYKO LR
90507711;MYYKO LR
90507720;MYYKO LR
90507738;MYYKO LR
90508670;SULFATO DE VINCRISTINA
90508785;ONTRUZANT
